﻿#,Date,Paint,Growth,Anodes,Thru-hulls,Prop,Notes,Installed
01,01/11/2023,Excellent,Minimal,Good,Sound,Good,,
02,04/04/2023,Excellent,Minimal,Good,Sound,Good,Prop anode may need replacing next service,
03,07/02/2023,Excellent,"Minimal, Moderate","Fair, Replaced",Sound,Polished,Replaced prop nut B,
04,10/04/2023,Excellent,Minimal,Good,Sound,Good,,
05,01/04/2024,Good,Minimal,"Fair, Replaced",Sound,Polished,Replaced prop anode “B”,
06,04/02/2024,Fair,Moderate,Good,Sound,Good,,
07,07/16/2024,"Fair, Poor","Heavy, Moderate",Good,Sound,Good,Paint antifouling properties are failing.,
08,10/01/2024,"Fair, Missing, Poor",Moderate,Good,Sound,Good,"Paint is beginning to wear through in some areas. I’m trying to take it as gentle as possible to preserve the remaining paint while removing most of the surface growth. ",