﻿#,Date,Paint,Growth,Anodes,Thru-hulls,Prop,Notes,Installed
01,09/23/2024,Good,"Heavy, Moderate",Good,Sound,Good,,
02,11/25/2024,"Fair, Good",Moderate,"Fair, Good",Sound,Good,,
03,01/16/2025,"Fair, Good",Moderate,"Fair, Good",Sound,Good,,
04,03/25/2025,"Fair, Good",Moderate,"Fair, Good",Sound,Good,,
05,05/20/2025,"Fair, Poor",Moderate,"Fair, Replaced",Sound,Good,,1
06,07/18/2025,"Fair, Poor","Heavy, Moderate",Excellent,Sound,Good,,
07,09/18/2025,"Fair, Poor","Heavy, Moderate",Excellent,Sound,Good,,