﻿#,Anodes,Date,Growth,Installed,Notes,Paint,Prop,Thru-hulls
01,Good,09/23/2024,"Heavy, Moderate",,,Good,Good,Sound
02,"Fair, Good",11/25/2024,Moderate,,,"Fair, Good",Good,Sound
03,"Fair, Good",01/16/2025,Moderate,,,"Fair, Good",Good,Sound
04,"Fair, Good",03/25/2025,Moderate,,,"Fair, Good",Good,Sound
05,"Fair, Replaced",05/20/2025,Moderate,1,,"Fair, Poor",Good,Sound
06,Excellent,07/18/2025,"Heavy, Moderate",,,"Fair, Poor",Good,Sound
07,Excellent,09/18/2025,"Heavy, Moderate",,,"Fair, Poor",Good,Sound