﻿#,Date,Paint,Growth,Anodes,Thru-hulls,Prop,Notes,Installed
01,05/23/2025,"Good, Poor",Heavy,"Fair, Good",Sound,Good,"Heavy growth on stabilizers and running gear. Stabilizer paint in poor condition. Will return to install anodes on port and starboard shafts, starboard runner and trim tab.",0
02,06/04/2025,"Good, Poor",Moderate,"Fair, Good, Missing",Sound,Good,"Completed cleaning, removed anode remnants in preparation for installation. ",0
03,06/17/2025,Not Evaluated,Not Evaluated,Replaced,Not Evaluated,Good,,5
04,09/19/2025,"Fair, Poor","Heavy, Moderate","Good, Missing",Sound,Good,Will return to install (5) R3 anodes,
05,10/03/2025,,,Replaced,,,Installed 4 R2 anodes,