﻿#,Anodes,Duration,Notes,Paint,Prop,Thru-hulls,Time In,Time Out
01,Fair,45,"Removed wrapped line. No cutlass play. Paint failing near waterline. Light horizontal crack along port keel joint. Some gouging into gelcoat around cutlass. Installed a one-inch streamlined shaft anode (MTY-CMX01, $12)","Excellent, Poor",Polished,Sound,1301,1346
02,Replaced,49,"Heavy barnacle gowth around waterline, esp port quarter. Heavy slime above waterline in same area. Installed a one-inch streamlined shaft anode (MTY-CMX01, $12)","Good, Poor",Good,Sound,1316,1405
04,"Fair, Replaced",51,"Replaced shaft anode. ","Good, Poor",Good,Sound,1155,1246
03,"Fair, Replaced",48,"Heavy slime above bottom paint waterline on port aft quarter. Installed a one-inch streamlined shaft anode (MTY-CMX01, $12)","Good, Poor",Good,Sound,1215,1303
06,Replaced,47,Paint has failed. Time for haulout!,Poor,Good,Sound,1505,1552
05,Replaced,41,"Replaced shaft anode. ","Fair, Poor",Good,Sound,1351,1432
07,,34,,,,,1238,1312
08,,45,,,,,1445,1530
09,,26,,"Missing, Poor",Good,,1226,1252
10,,28,,,,,1106,1134