﻿Boat,First Name,Last Name,Billing,Email,Start Time,Phone,Boat Type,Start,Interval,Plan,Paint Model,Paint Brand,Paint Type,Location,Make,Dock,Slip #,Length,Hulls,Props,Payment Processor,Service Log Web
Solo,Adam,Santaniello,Zoho,asant2@yahoo.com,"11/08/2025   (PST) →  ",,Sail Mono,7,2,Subbed,,,,BRK,,O,302,34,1,1,Stripe,sailorskills.com/solo
Delta Cloud,Adrian,Baumann,Sailor Skills,adrianRFB@gmail.com,"07/10/2025   (PDT) →  ",(510)-708-1526,Sail Mono,1,6,Expired,,,,BRK,Columbia,J,116,28,,,Stripe,sailorskills.com/delta-cloud
Leanne G,Al,Faahroo,Sailor Skills,bayland@pm.me,07/06/2023,+1 (510) 558-1800,Power,3,0,Expired,,,,BRK,Rinker,O,,,,,Stripe,sailorskills.com/leanne-g
Boondoggle,Alex,McDougall,Zoho,MCDOUGALL.AH@GMAIL.COM,"09/03/2025   (PDT) →  ",5103752580,Power,3,3,Subbed,,,,BRK,Ranger tugs,J,359,30,1,1,Zoho,sailorskills.com/boondoggle
Get Smart,Alex,Kang,Zoho,akang328@gmail.com,"10/20/2025   (PDT) →  ",9258951615,Sail Mono,10,2,Subbed,,,,BRK,Merit,O,216,25,1,0,Zoho,sailorskills.com/get-smart
Kelly,Andrew,Shepard,Sailor Skills,A.k.Shephard@gmail.com,"10/01/2025   (PDT) →  ",,Sail Mono,7,2,Cancelled,,,,BRK,,O,510,40,,,Stripe,sailorskills.com/kelly
Booty,Antoine,Wright,Zoho,Awright.bavc@gmail.com,"10/22/2025   (PDT) →  "," (510)-508-9883",Sail Mono,4,3,Subbed,,,,BRK,Columbia,M,225,23,1,0,Zoho,sailorskills.com/booty
Cowboys Dream,Arman,Syed,Sailor Skills,armanjsyed@gmail.com,"06/04/2025   (PDT) →  ",5102607204,Power,6,0,Expired,,,,BRK,Hatteras,K,129,50,1,2,Stripe,sailorskills.com/cowboys-dream
Louisa,Augie,Kazickas,Sailor Skills,augustinekazickas@gmail.com,"04/17/2025   (PDT) →  ",(631)-495-4497,Sail Mono,4,0,Expired,,,,BRK,Catalina,O,301,27,,,Stripe,sailorskills.com/louisa
Esprit de https://www.imdb.com/name/nm10082034/r,Berkeley,Marine Center,Sailor Skills,info@berkeleymarine.com,05/15/2025,,Sail Mono,5,0,Expired,,,,BRK,Custom,Y,1,28,1,0,Stripe,sailorskills.com/esprit-de-moitessier
Serenity,Beth Ann,Hockney,Zoho,bahockey@bahrc.net,"11/05/2025   (PST) →  ",4084801925,Power,7,3,Subbed,,,,BRK,Meridian,K,124,54,1,2,Stripe,sailorskills.com/serenity
Pineapple Express,Bill,Wolfrom,Zoho,williamscarlos59@gmail.com,"10/11/2025   (PDT) →  ",(415)-871-5883,Sail Mono,10,2,Subbed,,,,BRK,Catalina,O,401,25,1,1,Stripe,sailorskills.com/pineapple-express
Persephone,Bill,Rus,Sailor Skills,bill.rus@gmail.com,"03/06/2025   (PST) →  ",415-419-4675,Sail Mono,3,0,Expired,,,,BRK,Cal Jensen,Z,2,39,,,Stripe,sailorskills.com/persephone
About Time,Brad,Kekst,Zoho,bkekst@gmail.com,"10/22/2025   (PDT) →  ",4152153567,Sail Mono,7,3,Subbed,Pettit Trinidad,Pettit Trinidad,What type of bottom paint do you have?,BRK,Hunter,L,118,45,1,1,Stripe,sailorskills.com/about-time
Noelani,Brennen,Percy,Sailor Skills,bpercy225@gmail.com,"05/06/2025   (PDT) →  ",225-247-3965,Sail Mono,1,2,Cancelled,,,,BRK,Vindo,L,300,35,,,Stripe,sailorskills.com/noelani
Meliora,Bret,Laurent,Zoho,bret.laurent@gmail.com,"11/07/2025   (PST) →  ",805-294-0823,Sail Mono,2,1,Subbed,,,,BRK,home built 1989,B,52,28,1,0,Stripe,sailorskills.com/meliora
Maris,Brian,Cline,,standardhuman@gmail.com,06/09/2023,4155290272,Sail Mono,6,2,,,,,BRK,Pacific Seacraft,O,,24,,,,sailorskills.com/maris
Sunday Morning,Brien,Sankey,Sailor Skills,bsankey448@msn.com,"11/09/2025   (PST) →  ",+1 (406) 207-9533,Sail Mono,5,2,Subbed,,,,BRK,,I,19,42,1,1,Stripe,sailorskills.com/sunday-morning
Dash,Casey,Shields,Zoho,Casey.shields@yahoo.com,"10/21/2025   (PDT) →  ",7073153313,Sail Mono,4,2,Subbed,Trinidad,Pettit,Hard,BRK,Pacific Seacraft,G,314,25,1,1,Stripe,sailorskills.com/dash
Magic Juan,Chris,Grigas,Zoho,cjg5210@gmail.com,"11/06/2025   (PST) →  ",7172835269,Sail Mono,2,3,Subbed,,,Ablative paint,BRK,San Juan,O,407,24,1,0,Stripe,sailorskills.com/magic-juan
Carroll E,Chris,Humann,Zoho,chris@christianhumann.com,"10/14/2025   (PDT) →  ",510-912-0327,Sail Mono,1,3,Subbed,Petit,Petit,Hard,BRK,Pacific Seacraft,B,4,24,1,1,Stripe,sailorskills.com/carroll-e
Dream Catcher,Christine,Bourgeois Donnelly,Zoho,cmbourgeois@yahoo.com,"11/08/2025   (PST) →  ",5309666411,Sail Mono,2,3,Subbed,,,Ablative paint,BRK,Catalina,O,15,25,1,1,Zoho,sailorskills.com/dream-catcher
Miss Lady,Christopher,Brophy,Sailor Skills,rhodeislandreds@gmail.com,"07/15/2025   (PDT) →  ",7185027891,Sail Mono,7,0,Expired,,,,BRK,Cat,J,113,22,1,0,Stripe,sailorskills.com/miss-lady
Mary Jayden,Christy,Galitsky,Sailor Skills,cgalitsky@yahoo.com,"04/21/2025   (PDT) →  ",(206)-468-7441,Power,10,6,Cancelled,,,,EV COVE,Lien Hwa,K,13,42,,,Stripe,sailorskills.com/mary-jayden
Voyager,Compass Rose Yacht Charters,,Zoho,info@compassrosecharters.com,"10/01/2025   (PDT) →  ",(510) 523-9500,Power,3,6,Subbed,,,,BRK,,O,924,75,1,2,Zoho,sailorskills.com/voyager
Ranger 23,Craig,Maurer,Sailor Skills,woc0825@gmail.com,01/03/2024,7072274538,Sail Mono,1,2,Expired,,,,BRK,Ranger ,G,318,2,,,Stripe,sailorskills.com/ranger-23
Salty Lady,Craig,Aufenkamp,Zoho,craig.aufenkamp@gmail.com,"01/01/2026   (PST) →  ",(650)-224-4201,Sail Mono,1,2,Subbed,,,,BRK,Catalina,O,,36,1,1,Stripe,sailorskills.com/salty-lady
Boombin,Damon,Guthrie,Zoho,damo@sameteam.us,"08/12/2025   (PDT) →  ",,Sail Mono,8,6,Subbed,,,,BRK,Pearson,C,21,35,1,1,Stripe,sailorskills.com/boombin
Anacapa,Damon,Guthrie,Zoho,damo@sameteam.us,"10/22/2025   (PDT) →  ",5108150691,Sail Mono,4,6,Subbed,,,,BRK,Bristol,M,218,27,1,0,Stripe,sailorskills.com/anacapa
Ligia,Dan,Hernandez,Sailor Skills,goshareplay@gmail.com,06/13/2023,5109277374,Sail Mono,6,0,Expired,,,,BRK,,J,116,,,,Stripe,sailorskills.com/ligia
Heart of Gold,Dan,Agustine,Sailor Skills,Dan@baygreen.com,07/02/2023,4153737729,Power,7,0,Expired,,,,BRK,Sea Ranger,F,,45,,,Stripe,sailorskills.com/heart-of-gold
One Prolonged Blast,David,Marcolini,,,,,Power,0,,,,,,BRK,,,,,,,,sailorskills.com/one-prolonged-blast
O’Mar,David,Scott,Sailor Skills,skinnyd23@gmail.com,,,Sail Mono,0,,Declined,,,,BRK,Olson,O,,25,,,Stripe,sailorskills.com/o’mar
Stargazer,Dennis,Evans,Sailor Skills,duevansmd@gmail.com,04/01/2024,,Sail Mono,4,0,Expired,,,,,,O,,,,,Stripe,sailorskills.com/stargazer
China Rose,Diane,Walton,Zoho,dianewalton9@earthlink.net,"11/05/2025   (PST) →  ",4152446264,Sail Mono,1,3,Subbed,N,N,Hard,BRK,Ingrid,H,40,38,1,1,Stripe,sailorskills.com/china-rose
Gerda,Diane,Walton,Zoho,dianewalton9@earthlink.net,"09/25/2025   (PDT) →  ",4152446264,Sail Mono,3,3,Subbed,Dk,Dk,Hard,BRK,Spidsgatter,A,2,25,1,1,Stripe,sailorskills.com/gerda
Overdoin’ It,Donna,BMC,Sailor Skills,office@berkeleymarine.com,,,Power,0,,Cancelled,,,,BRK,Carver,,,32,,,Stripe,sailorskills.com/overdoin’-it
Rivers End,Drew,Goetting,Sailor Skills,drew@rdgmail.com,"10/21/2025   (PDT) →  ",510-872-5659,Sail Mono,10,0,Cancelled,no,no,,BRK,Ericson,C,24,37,,,Stripe,sailorskills.com/rivers-end
Bennu,Dylan,Johnston,Zoho,dylanmeister@gmail.com,"11/05/2025   (PST) →  ",9255281553,Sail Mono,1,2,Subbed,Pettit,Pettit,,BRK,Spencer,L,216,35,1,1,Stripe,sailorskills.com/bennu
Andiamo,Erik,Forsyth,Sailor Skills,Ericandfuzzy@gmail.com,"09/26/2025   (PDT) →  ",‭+1 (415) 559-7782‬,Power,3,3,Expired,,,,BRK,,I,32,44,1,2,Stripe,sailorskills.com/andiamo
Freja,Erik,Jensen,Zoho,write.erikj@gmail.com,"11/05/2025   (PST) →  ",4026901245,Sail Mono,2,2,Subbed,Micron 66,Interlux,Ablative paint,BRK,Tayana,O,506,37,1,1,Stripe,sailorskills.com/freja
Smogen 2,Felipe,Ulloa,Zoho,fulloa@ucsc.edu,"11/08/2025   (PST) →  ",5102416158,Sail Mono,5,2,Subbed,,,,BRK,Imagine,O,520,36,1,1,Stripe,sailorskills.com/smogen-2
Ericson 35,Felipe,Ulloa,Sailor Skills,fulloa@ucsc.edu,08/03/2023,5102416158,Sail Mono,1,1,Expired,,,I dont have idea,BRK,Ericson,C,5,35,,,Stripe,sailorskills.com/ericson-35
Judy,Felipe,Ulloa,Sailor Skills,fulloa@ucsc.edu,"04/03/2024   (PDT) →  ",5102416158,Sail Mono,1,1,Cancelled,,,I dont have idea,BRK,Newport,O,420,28,,,Stripe,sailorskills.com/judy
Fernando Augusto,Fernando,Augusto,Zoho,f.h.augusto@gmail.com,"11/06/2025   (PST) →  ",(469)-336-7897,Sail Mono,2,3,Subbed,,,,BRK,Catalina,O,612,27,1,1,Stripe,sailorskills.com/fernando-augusto
Sequoia,Fred,Cook,Zoho,yachtgear@hotmail.com,"11/14/2025   (PST) →  ",(508)-241-5497,Sail Mono,5,1,Subbed,,,,BRK,Cal,Z,4,40,1,1,Zoho,sailorskills.com/sequoia
Ruby,Galen,Loving,Zoho,gsloving@gmail.com,"11/06/2025   (PST) →  ",8579918017,Sail Mono,5,2,Subbed,Black Micro Extra,Black Micro Extra,not sure,BRK,Pacific Seacraft,O,616,24,1,1,Stripe,sailorskills.com/ruby
Pazzo Express,Gavin,Corn,Sailor Skills,gavin.corn@gmail.com,"11/14/2025   (PST) →  ",(202) 683-7640,Sail Mono,9,1,Subbed,,,,BRK,Express,C,36,37,1,1,Stripe,sailorskills.com/pazzo-express
Another High Time,Gentry,Stanley,Sailor Skills,gentrystanley@gmail.com,07/17/2023,3109825012,Sail Mono,7,0,Expired,,,,BRK,Morgan,O,613,30,,,Stripe,sailorskills.com/another-high-time
Halo,Glen,Murray,Zoho,murraygl@sbcglobal.net,"11/05/2025   (PST) →  ",4083102933,Sail Mono,3,2,Subbed,,,,BRK,Beneteau,L,122,42,1,1,Stripe,sailorskills.com/halo
Callisto,Glen,Pullen,Sailor Skills,gpullen@yahoo.com,04/01/2024,,Sail Mono,4,,Not started,,,,BRK,Catalina,O,,,,,Stripe,sailorskills.com/callisto
Merope,Graeme,Lowe,Zoho,hassle.graeme@icloud.com,"11/08/2025   (PST) →  ",2069927265,Sail Mono,9,2,Subbed,Trinidad,Trinidad,Hard,BRK,Baltic,O,512,38,1,1,Stripe,sailorskills.com/merope
Alsager,Graham,Lynch,Sailor Skills,graham@grahamlynch.com,"04/01/2025   (PDT) →  ",4157175370,Sail Mono,4,1,Cancelled,CSC,Micron,Ablative,BRK,Carter,J,198,42,,,Stripe,sailorskills.com/alsager
Eventide,Greg,Milano,Sailor Skills,gregmilano@hotmail.com,05/23/2024,,Sail Mono,5,0,Cancelled,,,,BRK,,E,,36,,,Stripe,sailorskills.com/eventide
Pearl,Greta,Mart,Zoho,gretamart@icloud.com,"10/27/2025   (PDT) →  ",9252936360,Sail Mono,4,3,Subbed,,,,BRK,Catalina,G,409,30,1,1,Zoho,sailorskills.com/pearl
Renegade,Hans,Hansen,Sailor Skills,hhansen@me.com,"08/11/2025   (PDT) →  ",(415)-487-8676,Sail Mono,8,0,Expired,,,,BRK,Bear,O,17,23,1,0,Stripe,sailorskills.com/renegade
Maiden California,Hawkeye,King,Sailor Skills,hawkeye.king@gmail.com,"11/08/2025   (PST) →  ",9547560264,Sail Mono,6,1,Subbed,Petit,Petit,,BRK,Olson,O,104,30,1,0,Stripe,sailorskills.com/maiden-california
Rumble On,Henry,King,Sailor Skills,Jeannettebleu@gmail.com,"08/06/2025   (PDT) →  ",‭+1 (510) 703-1583‬,Power,8,0,Expired,,,,BRK,Jeaneau,O,300,36,1,2,Stripe,sailorskills.com/rumble-on
Dakini,Ibrahim,Sargin,Sailor Skills,ibrahimsargin@gmail.com,"11/06/2025   (PST) →  ",6502009284,Sail Mono,1,2,Subbed,I think pettit,I think pettit,,BRK,Folkboat,O,214,26,1,1,Stripe,sailorskills.com/dakini
Nimbus,Ilya,Khanykov,Sailor Skills,,,,Sail Mono,7,0,Cancelled,,,,BRK,Cape Dory,O,,28,,,Stripe,sailorskills.com/nimbus
La Donna Jean,Inaki,Garat,Zoho,garatinaki@gmail.com,"11/09/2025   (PST) →  ",,Sail Mono,5,2,Subbed,,,,BRK,Crealock,I,11,34,1,1,Stripe,sailorskills.com/la-donna-jean
Dancing Star,Jacek,Rachwald,Sailor Skills,jacek.rachwald@gmail.com,08/02/2023,7072545802,Sail Mono,0,0,Expired,,,,BRK,Ericson,M,214,29,,,Stripe,sailorskills.com/dancing-star
Risky,Jacqueline,Zalstein,Zoho,jzalstein@gmail.com,"10/24/2025   (PDT) →  ",2146629476,Sail Mono,10,3,Subbed,,,,BRK,Catalina,O,819,30,1,1,Stripe,sailorskills.com/risky
Hattie,James,Gulseth,Sailor Skills,"jgulseth@jgpc.com, paolo.calafiura@gmail.com",11/04/2023,19254139607,Sail Mono,2,1,Cancelled,,,,BRK,J-Boat,O,114,32,,,Stripe,sailorskills.com/hattie
JGPC,"James, Paolo, and Maurice",Gulseth,Zoho,"jgulseth@jgpc.com, pcalafiura@lbl.gov, MGarcia-Sciveres@lbl.gov","11/09/2025   (PST) →  ",,Sail Mono,7,1,Subbed,,,,BRK,J-Boat,F,103,34,1,1,Stripe,sailorskills.com/jgpc
Bee Mused,Jeanne,LaDeaux,Zoho,whirled.peaze@gmail.com,"09/22/2025   (PDT) →  ",510-690-7442‬,Sail Mono,9,3,Subbed,,,,BRK,Ericson,M,135,27,1,1,Stripe,sailorskills.com/bee-mused
Molly Bloom,Jenny,Martin,Zoho,laultimapalabra@gmail.com,"10/21/2025   (PDT) →  ",415-624-7950,Power,1,3,Subbed,"there is half a can on the boat, we can check","there is half a can on the boat, we can check",Hard,BRK,Gold Star,G,419,34,1,1,Stripe,sailorskills.com/molly-bloom
Psycho Tiller,Jesse,Hollander,Zoho,hollanderjesse@gmail.com,"11/05/2025   (PST) →  ",(415)-497-0795,Power,5,3,Subbed,,,,BRK,Jeanneau,L,116,32,1,1,Stripe,sailorskills.com/psycho-tiller
Chew Toy,Jim,Waterwash,Sailor Skills,skata@waterwash.com,07/17/2023,4153059635,Power,7,0,Expired,,,,BRK,Sea Ray,C,45,36,,,Stripe,sailorskills.com/chew-toy
Desiderata,Jocelyn,Poulin,Sailor Skills,Josinengland@yahoo.co.uk,"06/17/2025   (PDT) →  ",5103032252,Sail Mono,6,0,Expired,,,,BRK,Seabird,F,300,37,1,0,Stripe,sailorskills.com/desiderata
Truth and Culture,Joe,Tanous,Sailor Skills,tanous@mindspring.com,"05/07/2025   (PDT) →  ",(503) 887-3690‬,Sail Mono,5,0,Expired,,,,BRK,,K,,55,,,Stripe,sailorskills.com/truth-and-culture
Windspiration,John,Bannen,Sailor Skills,bannen.j@yahoo.com,,4153429393,Sail Mono,0,0,Not started,,,,,Catalina,J,31,30,,,Stripe,sailorskills.com/windspiration
Genesis,John,Mapel,Zoho,johnjmapel@hotmail.com,"11/06/2025   (PST) →  ",,Sail Mono,3,2,Subbed,,,,BRK,Beneteau,O,5,23,1,0,Stripe,sailorskills.com/genesis
Aleph Null,John,Danielson,Zoho,john.c.danielson@gmail.com,"11/06/2025   (PST) →  ",5103344198,Sail Mono,4,1,Subbed,Interlux,Interlux,Hard,BRK,Freedom,O,408,25,1,0,Zoho,sailorskills.com/aleph-null
Indefatigable,John,Hess,Zoho,jhess1024@gmail.com,"10/17/2025   (PDT) →  ",,Sail Mono,6,2,Subbed,Tinidad HD Blue,Pettit,Hard,BRK,Halberg-Rassey,N,117,43,1,1,Stripe,sailorskills.com/indefatigable
Island Girl,John,Sullivan,Sailor Skills,seamansully@gmail.com,,,Sail Mono,0,,Cancelled,,,,BRK,,O,,,,,Stripe,sailorskills.com/island-girl
Take it Easy,Jose,Larrain,Zoho,,"11/05/2025   (PST) →  ",‪+1 (510) 938‑1646‬,Power,8,3,Subbed,,,,BRK,Sea Ray,F,211,35,1,2,Stripe,sailorskills.com/take-it-easy
High Road,Josh,Winzeler,Zoho,hsoj16@aol.com,"10/20/2025   (PDT) →  ",5104852555,Sail Mono,10,2,Subbed,,,,BRK,Catalina,O,411,27,1,1,Stripe,sailorskills.com/high-road
Lechon,Joshua,Roberston,Sailor Skills,joshrobertson11@gmail.com,"07/12/2024   (PDT) →  ",(510) 552-7282‬,Sail Mono,5,2,Cancelled,,,,BRK,,O,112,28,,,Stripe,sailorskills.com/lechon
Kodiak,Joshua,Ott,Zoho,joshaott@gmail.com,"11/08/2025   (PST) →  ",8157518669,Sail Mono,7,2,Subbed,,,,BRK,Bear,O,103,23,1,0,Stripe,sailorskills.com/kodiak
Funkadelic,Justin,Lujambio,Sailor Skills,Justinkommit@gmail.com,"04/15/2025   (PDT) →  ",‪+506 7130 8049‬,Sail Mono,4,0,Expired,,,,BRK,,H,1,43,,,Stripe,sailorskills.com/funkadelic
Kelly Marie,Kat,"Eiswald ",Sailor Skills,kathleeneiswald@gmail.com,"09/23/2025   (PDT) →  ",(510) 435-1190,Sail Mono,9,1,Paused,No,No,Ablative,BRK,Ericson,M,225,27,,,Stripe,sailorskills.com/kelly-marie
June Bug,Ken,Bochat,Sailor Skills,kbochat@hotmail.com,10/08/2023,,Sail Mono,6,2,Cancelled,,,,BRK,,G,,24,,,Stripe,sailorskills.com/june-bug
Tranquility,Kevin,Piyatilake,Zoho,kevinpiya@hotmail.com,"09/22/2025   (PDT) →  ",4153174544,Sail Mono,12,3,Subbed,,,,BRK,Cal,L,213,29,1,1,Zoho,sailorskills.com/tranquility
Tandem,Kimber,Oswald,Sailor Skills,kimber.oswald@gmail.com,"11/05/2025   (PST) →  ",,Sail Mono,4,1,Subbed,,,,BRK,Pearson,N,116,36,1,1,Stripe,sailorskills.com/tandem
Puntster,Larry,Langham,Sailor Skills,llangham1@gmail.com,"11/06/2025   (PST) →  ",9167619293,Sail Mono,3,2,Subbed,,,,BRK,Corona,O,202,25,1,0,Stripe,sailorskills.com/puntster
Millenium Falcon,Lavent,Soyarslan,Sailor Skills,Lsoyarslan@gmail.com,"08/12/2025   (PDT) →  ",(510) 501-0792‬,Sail Mono,2,0,Expired,,,,BRK,Columbia,O,803,28,1,1,Stripe,sailorskills.com/millenium-falcon
Ricochet,Lee,"Corklan ",Sailor Skills,Corkranlee@gmail.com,01/07/2024,,Sail Mono,1,0,Expired,,,,BRK,Santana,M,145,22,,,Stripe,sailorskills.com/ricochet
Sky Wanderer,Lee,"Corklan ",Sailor Skills,Corkranlee@gmail.com,04/01/2024,,Sail Mono,4,0,Expired,,,,BRK,,O,922,,,,Stripe,sailorskills.com/sky-wanderer
Innamorata,Lexie and Justin,Price,Zoho,lexiprice2020@gmail.com,"10/22/2025   (PDT) →  ",916-318-1937,Sail Mono,1,3,Subbed,Seahawk,Seahawk,Hard,BRK,Gulfstar,L,104,41,1,1,Zoho,sailorskills.com/innamorata
TGV,Liam,McNamara,Sailor Skills,liammail@gmail.com,"12/02/2024   (PST) →  ",17076994867,Sail Mono,2,2,Cancelled,,,,BRK,CNSO,O,318,32,,,Stripe,sailorskills.com/tgv
Blue Note,Louis,Benanouis,Zoho,louisbenainous@gmail.com,"10/15/2025   (PDT) →  ",510-290-4107,Sail Mono,6,2,Subbed,Pettit,Pettit,Hard,BRK,CS,O,6,30,1,1,Stripe,sailorskills.com/blue-note
Msafiri,Lu,Luna,Zoho,nomaddin9@gmail.com,"11/08/2025   (PST) →  ",(831) 332-7018,Sail Mono,1,2,Subbed,,,I don’t know,BRK,Cal Jensen,O,313,27,1,1,Stripe,sailorskills.com/msafiri
Loose Eel,Lutfi,Abed,Sailor Skills,Lutfihabed@gmail.com,"09/11/2024   (PDT) →  "," (916)-582-1143",Power,12,3,Cancelled,,,,BRK,Tiara,,16,29,,,Stripe,sailorskills.com/loose-eel
Grady White,Mario,,Sailor Skills,Mportela5757@gmail.com,,,Power,0,,Not started,,,,BRK,Grady White,,,,,,Stripe,sailorskills.com/grady-white
Elise,Mark,Bird,Zoho,Markwbird@yahoo.com,"11/08/2025   (PST) →  ",+12148017387,Sail Mono,11,2,Subbed,,,,BRK,C&C,O,502,40,1,1,Stripe,sailorskills.com/elise
Maybe Baby,Mark,Bird,Sailor Skills,markwbird@yahoo.com,09/08/2023,214-801-7387,Sail Mono,10,1,Cancelled,No,No,Hard,BRK,Hunter,O,505,34,,,Stripe,sailorskills.com/maybe-baby
Dream Keeper,Martin,Taber,Sailor Skills,obiel70@gmail.com,"10/01/2024   (PDT) →  ",12096172580,Sail Mono,8,2,Cancelled,Pettit,Pettit,I forget ,BRK,Passport,O,502,42,,,Stripe,sailorskills.com/dream-keeper
Mary C,Mary,Garfein,Sailor Skills,mary@drnu.net,,,Sail Mono,0,,Declined,,,,BRK,,O,,,,,Stripe,sailorskills.com/mary-c
Robin,Matt,Aune,Sailor Skills,matt.aune@gmail.com,"11/08/2025   (PST) →  ",8017126797,Sail Mono,5,3,Subbed,,,,BRK,C&C,O,312,35,1,1,Zoho,sailorskills.com/robin
Chiquita,Matt,Kurkjian,Sailor Skills,ma.kurkjian@gmail.com,"12/01/2025   (PST) →  ",,Sail Mono,8,3,Paused,,,,BRK,Ericson,G,404,29,,,Stripe,sailorskills.com/chiquita
Not Applicable,Max,Thompson,Zoho,underasail@yahoo.com,"11/06/2025   (PST) →  ",(231) 735-4235,Sail Mono,1,2,Subbed,,,,BRK,Santana,O,236,22,1,1,Stripe,sailorskills.com/not-applicable
Wicked,Max,Thompson,Sailor Skills,underasail@yahoo.com,"07/08/2024   (PDT) →  ",(231) 735-4235,Sail Mono,1,2,Cancelled,,,,BRK,Santana,M,236,22,,,Stripe,sailorskills.com/wicked
Empress,Melanie,Popper,Sailor Skills,melaniedpopper@gmail.com,"03/11/2024   (PDT) →  ",510-866-4070,Sail Mono,3,0,Expired,,,,BRK,Newport,O,419,27,,,Stripe,sailorskills.com/empress
Freyja,Micheline and Donavin,Greenwell,Sailor Skills,ludditemicheline@gmail.com,01/23/2025,7756003722,Sail Mono,1,0,Cancelled,,,,BRK,Beneteau,L,137,32,,,Stripe,sailorskills.com/freyja
The Alfred,Michelle,Prior Alameda,Sailor Skills,beyondimagegrp@yahoo.com,"06/05/2025   (PDT) →  ",,Power,6,6,Cancelled,,,,EV COVE,Bayliner,C,18,28,1,0,Stripe,sailorskills.com/the-alfred
Yachty By Nature,Mike,Hurst,Zoho,mwhurst@gmail.com,"10/03/2025   (PDT) →  ",,Power,6,3,Subbed,,,,BRK,,O,,68,1,2,Stripe,sailorskills.com/yachty-by-nature
Southern Cross,Mike,Zigler,Sailor Skills,mzigler@mac.com,"11/09/2025   (PST) →  ",4156091143,Sail Mono,1,2,Subbed,Petit Trinidad,Petit Trinidad,Hard,BRK,Catalina,I,17,42,1,1,Stripe,sailorskills.com/southern-cross
Tanagra,Mindy,Oppenheim,Zoho,Setraining@yahoo.com,"10/27/2025   (PDT) →  ",415-867-1956,Sail Mono,10,3,Subbed,,,,BRK,Dressport,C,47,37,1,1,Zoho,sailorskills.com/tanagra
Velella,Montgomery,George,Sailor Skills,montgomerygeorge99@gmail.com,09/10/2023,4159996639,Sail Mono,9,0,Expired,,,,BRK,,,,,,,Stripe,sailorskills.com/velella
Yakamoz,Morris,Gevirtz,Zoho,moegev@gmail.com,"09/25/2025   (PDT) →  ",14159908116,Sail Mono,3,3,Subbed,Micron Extra,Interlux,Hard paint,BRK,Columbia,G,417,35,1,1,Stripe,sailorskills.com/yakamoz
Brigadoon,Nathan,Claydon,Zoho,nathanclaydon@gmail.com,"11/06/2025   (PST) →  ",5305579400,Sail Mono,3,2,Subbed,unk,unk,unknown,BRK,Newport,O,639,29,1,0,Stripe,sailorskills.com/brigadoon
Miles Away,Nick,Doudchenko,Sailor Skills,ndoudchenko@gmail.com,"08/11/2025   (PDT) →  ",,Sail Mono,8,3,Cancelled,,,,EV COVE,Catalina,D,14,36,,,Stripe,sailorskills.com/miles-away
Gloria Bernadette,Ottie,Breen,Sailor Skills,juliettebreen00@gmail.com,10/29/2023,3417662090,Sail Mono,10,0,Expired,,,,BRK,Catalina,L,,30,,,Stripe,sailorskills.com/gloria-bernadette
Blue Heeler,Patrick,Chabot,Zoho,chabot.patrick78@gmail.com,"07/15/2025   (PDT) →  "," (434)-989-1752",Sail Mono,7,6,Subbed,,,,BRK,Herreshoff,F,103,28,1,1,Stripe,sailorskills.com/blue-heeler
Grace,Paul,Roge,Zoho,proge@berkeley.edu,"10/27/2025   (PDT) →  ",(202) 683-7640,Sail Mono,10,0,Subbed,,,,BRK,Express,C,36,27,1,0,Stripe,sailorskills.com/grace
Gigi,Paul,Fetherston,Sailor Skills,sv.gigi56@gmail.com,,510-508-0151,Sail Mono,4,0,Expired,,,,,,O,,,,,Stripe,sailorskills.com/gigi
Sartori,Paul,Fetherston,Sailor Skills,sv.gigi56@gmail.com,,510-508-0151,Sail Mono,4,0,Expired,,,,,,K,,,,,Stripe,sailorskills.com/sartori
Coquelicot,Paul,Hollenbach,Sailor Skills,Paulhcs@gmail.com,,,Sail Mono,0,,Declined,,,,BRK,Ranger,O,,30,,,Stripe,sailorskills.com/coquelicot
Mojo,Paul,Weismann,Zoho,paul@healthyavocado.com,"11/08/2025   (PST) →  ",6179137277,Sail Mono,3,1,Subbed,Trinidad,Trinidad,Hard,BRK,Ranger,O,310,30,1,1,Stripe,sailorskills.com/mojo
Twilight Zone,Paul,Kamen,Zoho,pk@well.com,"11/06/2025   (PST) →  ",5102198106,Sail Mono,6,1,Subbed,"""Shark Skin""","""Shark Skin""",Hard,BRK,Merit,O,1,25,1,0,Stripe,sailorskills.com/twilight-zone
Pegasus,Pegasus,Voyages,Zoho,info@pegasusvoyages.com,"09/30/2025   (PDT) →  ",415-500-5468,Sail Mono,9,3,Subbed,,,,BRK,Alden,K,128,51,1,1,Stripe,sailorskills.com/pegasus
Diva,Peter,Baczek,Zoho,pbaczek@mac.com,"11/06/2025   (PST) →  ",,Sail Mono,7,1,Subbed,,,,BRK,Ranger,O,617,28,1,1,Zoho,sailorskills.com/diva
Zeno,Phil,Freeman,Zoho,phil@k6fsm.net,"11/05/2025   (PST) →  ",+1(312)725-6318,Sail Mono,8,3,Subbed,Don't Know,Don't Know,Ablative paint,BRK,Pearson,L,8,36,1,1,Stripe,sailorskills.com/zeno
Could Be Worse,Quinton,Hoole,Sailor Skills,quinton@hoole.biz,"07/16/2024   (PDT) →  "," (408)-320-8917",Sail Mono,5,1,Expired,,,,EV,Custom Simonis,H,35,53,,,Stripe,sailorskills.com/could-be-worse
Papillon,Richard,Foregger,Sailor Skills,foregger@hotmail.com,08/07/2023,+17077719799,Power,0,0,Expired,,,,BRK,,O,,,,,Stripe,sailorskills.com/papillon
Constanza,Robert,Kingston,Sailor Skills,rsk.nautical@gmail.com,"07/22/2025   (PDT) →  ",4155005468,Sail Mono,3,2,Cancelled,,,Hard paint,BRK,Westsail,N,122,32,,,Stripe,sailorskills.com/constanza
Beleza,Robert,Kingston,Sailor Skills,rsk.nautical@gmail.com,"08/10/2025   (PDT) →  ",19176600775,Power,2,3,Paused,,,Ablative,BRK,Nova Heritage,N,114,40,,,Stripe,sailorskills.com/beleza
Sarahbella,Roby,Roberts,Sailor Skills,roby.roberts@gmail.com,,,Sail Mono,0,,Declined,,,,BRK,Rafiki,I,,37,,,Stripe,sailorskills.com/sarahbella
Free Spirit,Roger,Mason,Sailor Skills,firefighterdink2899@gmail.com,"03/12/2025   (PDT) →  ",5107574745,Sail Mono,1,2,Cancelled,,,,BRK,Ericson,O,14,30,,,Stripe,sailorskills.com/free-spirit
Mor Wind,Ron,Michalak,Sailor Skills,rjmichalak@sbcglobal.net,"11/07/2025   (PST) →  ",4084899947,Sail Mono,1,2,Subbed,,,,BRK,Ericson,O,106,30,1,1,Stripe,sailorskills.com/mor-wind
Phoenix,Ronan,Potage,Zoho,ronanpotage@gmail.com,"10/22/2025   (PDT) →  ",3474666264,Sail Mono,7,3,Subbed,,,,BRK,,L,119,30,1,1,Stripe,sailorskills.com/phoenix
Tao,Ryan,Loomba,Sailor Skills,ryan.loomba@gmail.com,"08/12/2025   (PDT) →  ",,Sail Mono,5,3,Cancelled,,,,EV COVE,Beneteau,D,32,32,,,Stripe,sailorskills.com/tao
Boghopper,Ryan,Allik,Sailor Skills,mr.allik@gmail.com,"10/22/2025   (PDT) →  ",(772)-532-8313,Sail Mono,7,3,Subbed,Trinidad HD Pro,"Pettit ",Hard,BRK,Soverel,L,127,33,1,1,Stripe,sailorskills.com/boghopper
Kakelekele,Ryan,Adler,Sailor Skills,ryan@twistedslinky.org,"10/01/2024   (PDT) →  ",3303284425,Sail Mono,3,3,Paused,West Marine,West Marine,I dont have idea,BRK,Newport,O,217,30,,,Stripe,sailorskills.com/kakelekele
Sally 4th,Sally,Howlett,Sailor Skills,sahowlett@lmi.net,08/12/2024,510-542-1203,Power,8,0,Cancelled,,,,BRK,Rodman,M,116,29,,,Stripe,sailorskills.com/sally-4th
Chance,Sam,Gawthrop,Sailor Skills,samgawthrop@gmail.com,"05/15/2025   (PDT) →  ",(510)-274-1337,Sail Mono,5,0,Expired,Trinidad,Petit,Hard,BRK,Bear,O,116,23,1,0,Stripe,sailorskills.com/chance
Glitch,Sam,Kronick,Sailor Skills,sam.kronick@gmail.com,"11/07/2025   (PST) →  ",6125324561,Sail Mono,8,1,Subbed,,,,BRK,Express,O,214,27,1,0,Stripe,sailorskills.com/glitch
Process,Sam,Kronick,Sailor Skills,sam.kronick@gmail.com,09/06/2023,6125324561,Sail Mono,1,2,Cancelled,Whatever hard paint Berkeley Marine Center uses,Whatever hard paint Berkeley Marine Center uses,"Not sure, I think ablative",BRK,Islander,O,605,30,,,Stripe,sailorskills.com/process
Joyous Spirit,Samuel,Curran,Zoho,samfcurran@gmail.com,"10/15/2025   (PDT) →  ",6038410979,Sail Mono,2,2,Subbed,,,,BRK,Newport,O,3,20,1,0,Stripe,sailorskills.com/joyous-spirit
Rumble,Saul,Schumsky,Sailor Skills,cscsaul@yahoo.com,06/10/2024,510-717-2883,Power,6,3,Cancelled,,,,BRK,Hatteras,I,4,41,,,Stripe,sailorskills.com/rumble
VillaSey,Scott,Cooksey,Zoho,scottdcooksey@yahoo.com,"11/05/2025   (PST) →  ",5106970716,Power,10,2,Subbed,,,,BRK,Maxum,H,14,44,1,2,Stripe,sailorskills.com/villasey
Boomtown,Shane,Cotner,Sailor Skills,shane1@fastmail.com,"06/10/2025   (PDT) →  ",(929) 444-7186,Sail Mono,6,0,Cancelled,No,No,Hard,BRK,Beneteau,O,517,34,,,Stripe,sailorskills.com/boomtown
Amaterasu,Shannon,Scott,Zoho,raeofshan@gmail.com,"09/30/2025   (PDT) →  ",‭+1 (415) 741-6726‬,Power,9,3,Subbed,,,,BRK,Coastal Cruiser,K,135,42,1,2,Stripe,sailorskills.com/amaterasu
Second Wind,Sharon,Greenhagen,Zoho,sharongreenhagen@gmail.com,"11/06/2025   (PST) →  ",,Sail Mono,9,1,Subbed,,,,BRK,Capri,O,417,25,1,0,Stripe,sailorskills.com/second-wind
Heartstring,Sharon,Greenhagen,Sailor Skills,sharongreenhagen@gmail.com,"08/08/2025   (PDT) →  ",,Sail Mono,5,3,Cancelled,,,,BRK,Catalina,L,612,36,1,1,Stripe,sailorskills.com/heartstring
Deux Coeurs,Sharon,Greenhagen,Sailor Skills,sharongreenhagen@gmail.com,"11/08/2025   (PST) →  ",9162011860,Sail Mono,2,3,Subbed,,,,BRK,Benneteau,O,612,36,1,1,Zoho,sailorskills.com/deux-coeurs
Two Truths,Shigenori,Ohira,Zoho,shigohira@gmail.com,"10/23/2025   (PDT) →  ",(408)-799-0460,Sail Mono,4,2,Subbed,,,,BRK,Pacific Seacraft,O,618,24,1,1,Stripe,sailorskills.com/two-truths
Wondering Aengus,Stacey,Sing,Sailor Skills,Stacysing7@gmail.com,02/21/2024,,Power,2,0,Expired,,,,BRK,,M,,,,,Stripe,sailorskills.com/wondering-aengus
Moon Dance,Steve,Matles,Zoho,smatles@sbcglobal.net,"11/07/2025   (PST) →  ",415 652 4066,Sail Mono,9,2,Subbed,,,,BRK,Bavaria,O,924,42,1,1,Stripe,sailorskills.com/moon-dance
Malolo,Steve,Rosing,Zoho,stevr1@yahoo.com,"10/20/2025   (PDT) →  ",(510) 520-2099,Sail Mono,10,6,Subbed,,,,BRK,Newport,O,,33,1,1,Zoho,sailorskills.com/malolo
Nighthawk,Steven,Miyamoto,Sailor Skills,stevenmiy@gmail.com,05/07/2024,(510)-912-3921,Sail Mono,5,0,Expired,,,,BRK,Wiley,B,21,28,1,1,Stripe,sailorskills.com/nighthawk
Dark Star,Steven,Tenenbaum,Sailor Skills,steven11385@gmail.com,"09/29/2025   (PDT) →  ",13143590407,Power,6,3,Subbed,,,,BRK,Carver,I,12,39,1,2,Stripe,sailorskills.com/dark-star
Marla Hooch,Suliana,Baldwin,Zoho,jwaniqolo@gmail.com,"10/27/2025   (PDT) →  ",336.493.3318,Sail Mono,6,2,Subbed,,,,BRK,Coronado,O,405,25,1,0,Stripe,sailorskills.com/marla-hooch
Tuatara,Ted,Woods,Zoho,woodsted@yahoo.com,"09/22/2025   (PDT) →  ",5105044958,Sail Mono,9,3,Subbed,,,Ablative,BRK,Cal,C,27,34,1,1,Stripe,sailorskills.com/tuatara
Hummingbird,Ted,Crocker,Sailor Skills,westsail43@gmail.com,,,Sail Mono,0,,Declined,,,,BRK,Pacific Seacraft,O,,24,,,Stripe,sailorskills.com/hummingbird
Mistral,Thomas,Colton,Zoho,tcolton@berkeley.edu,"10/15/2025   (PDT) →  ",(510)-847-5771,Sail Mono,10,3,Subbed,,,,BRK,Cheoy Lee,N,106,40,1,1,Stripe,sailorskills.com/mistral
Sarah,Tiburcio,de la Carcova,Zoho,tiburciod@gmail.com,"11/06/2025   (PST) →  ",16506446689,Sail Mono,1,1,Subbed,Pettit,Pettit,Ablative,BRK,Contessa,O,614,26,1,1,Stripe,sailorskills.com/sarah
Caregg,Tim,Fitzmaurice,Sailor Skills,trfitzmo@gmail.com,"08/12/2025   (PDT) →  ",(925) 322-3044,Sail Mono,5,3,Cancelled,,,,EV COVE,Hylas,G,1,46,,,Stripe,sailorskills.com/caregg
Zaff,Tim,Roche,Sailor Skills,roche.tp@gmail.com,,,Sail Mono,0,,Declined,,,,BRK,J-Boat,O,,,,,Stripe,sailorskills.com/zaff
Tern,Tim,Collins,Sailor Skills,thatsailingcouple@gmail.com,"09/13/2024   (PDT) →  ",530.919.9781,Sail Mono,1,2,Cancelled,,,Hard,BRK,Pearson,O,403,26,,,Stripe,sailorskills.com/tern
Shirley Jean,Timo,Schuerg,Sailor Skills,schuerg.timo@gmail.com,"06/17/2025   (PDT) →  ",510-502-6980,Sail Mono,6,6,Expired,,,,BRK,,,,,,,Stripe,sailorskills.com/shirley-jean
Que Sera Sera,Tom,Purcell,Zoho,tpurcell@sportsbasement.com,"11/09/2025   (PST) →  ",(510)-388-4641,Sail Mono,3,1,Subbed,,,,BRK,Santana,G,101,22,1,0,Stripe,sailorskills.com/que-sera-sera
Molly Brown,Tom,Luce,Sailor Skills,tomfluce@gmail.com,06/19/2024,,Sail Mono,6,0,Expired,,,,BRK,Hunter,F,,33,,,Stripe,sailorskills.com/molly-brown
Snappy,Topher,Evans,Sailor Skills,tophbaby@gmail.com,"08/13/2025   (PDT) →  "," 9546757328",Sail Mono,8,0,Expired,,,,BRK,,O,9,20,1,1,Stripe,sailorskills.com/snappy
Martha,Troy,Lane,Zoho,xxxmce@gmail.com,"11/06/2025   (PST) →  ",209-576-5404,Sail Mono,12,1,Subbed,,,,BRK,Columbia,O,207,30,1,1,Stripe,sailorskills.com/martha
Impulse,Tyler,Vasquez,Zoho,tylervasquezwater@gmail.com,"08/06/2025   (PDT) →  "," 209-612-1522",Sail Mono,2,6,Subbed,,,,BRK,Catalina,O,303,30,1,1,Zoho,sailorskills.com/impulse
Moon Lady,Vanessa,Miller,Sailor Skills,vanessamiller@yahoo.com,07/03/2023,510-706-8973,Sail Mono,5,2,Cancelled,,,unknown ,BRK,Newport,M,139,27,,,Stripe,sailorskills.com/moon-lady
Windsweeper,William,Radis,Sailor Skills,Wcradis@gmail.com,11/08/2024,(805)-451-7566,Sail Mono,3,2,Cancelled,,,,BRK,Hunter,L,115,31,,,Stripe,sailorskills.com/windsweeper
Parallax,Xeno,Rasmusson,Sailor Skills,xeno.rasmusson@csueastbay.edu,"11/05/2025   (PST) →  ",(925)-683-2401,Sail Mono,5,3,Subbed,,,,BRK,Tayana,L,130,37,1,1,Stripe,sailorskills.com/parallax
Kansas,Zach,Reidman,Sailor Skills,zackreidman@gmail.com,10/01/2023,5108511621,Sail Mono,10,0,Expired,,,,BRK,Ericson,O,615,29,,,Stripe,sailorskills.com/kansas
,,,,,,,,,,,,,,,,,,,,,,sailorskills.com/