﻿#,Date,Paint,Growth,Anodes,Thru-hulls,Prop,Notes,Installed
01,12/03/2023,Excellent,Minimal,Excellent,Sound,Polished,,
02,01/02/2024,Excellent,Minimal,Excellent,Sound,Polished,,
03,02/01/2024,Excellent,Minimal,Excellent,Sound,Polished,,
04,03/01/2024,Excellent,Minimal,Good,Sound,Polished,,
05,04/03/2024,Excellent,Minimal,Good,Sound,Polished,,
06,05/07/2024,Excellent,Minimal,Good,Sound,Polished,"Possible impact damage to hull below the waterline, starboard forward.",
07,06/06/2024,Excellent,"Minimal, Moderate",Good,Sound,Polished,,
08,07/03/2024,"Excellent, Missing","Minimal, Moderate",Good,Sound,Polished,Several areas of missing paint along the waterline and aft quarter,
09,08/02/2024,"Fair, Missing","Heavy, Minimal",Good,Sound,Polished,"Missing paint and heavy growth increasing around waterline, keel, and aft quarter",
10,09/11/2024,"Missing, Poor","Heavy, Moderate",Good,Sound,Polished,"Paint diminishing rapidly. Heavy hard growth becoming widespread. Recommend painting ASAP. ",
11,10/09/2024,"Missing, Poor",Moderate,Good,Sound,Polished,,
12,11/12/2024,"Missing, Poor","Heavy, Moderate",Fair,Sound,Polished,,
13,12/10/2024,"Missing, Poor",Moderate,Fair,Sound,Polished,,
14,07/15/2025,Excellent,Minimal,Good,Sound,Polished,,
15,09/25/2025,"Excellent, Good",Minimal,Good,Sound,Good,,
16,10/21/2025,"Excellent, Good","Minimal, Moderate",Good,Sound,Good,,