﻿#,Date,Paint,Growth,Anodes,Thru-hulls,Prop,Notes
01,01/06/2023,"Fair, Good","Heavy, Moderate",None,None,None,
02,02/03/2023,"Fair, Good",Minimal,None,None,None,
03,04/06/2023,"Excellent, Fair, Good","Minimal, Moderate",None,None,None,
04,06/02/2023,Good,Minimal,None,None,None,Above the waterline hull paint is chipping away. Look for red speckles just above boot stripe.
05,08/04/2023,"Fair, Good",Moderate,None,None,None,
06,10/06/2023,"Fair, Good",Moderate,None,None,None,
07,12/01/2023,Fair,Moderate,None,None,None,"Paint is nearing end of life. I recommend scheduling a haulout for repainting within the next 6 months. "
08,02/06/2024,"Fair, Poor",Moderate,None,None,None,
09,04/05/2024,"Fair, Poor",Moderate,None,None,None,
10,06/07/2024,Fair,Moderate,None,None,None,
11,08/09/2024,"Fair, Poor",Moderate,None,None,None,
12,12/12/2024,"Fair, Poor",Moderate,None,None,None,
13,02/20/2025,"Fair, Poor",Moderate,None,None,None,
14,06/19/2025,"Fair, Poor",Moderate,None,None,None,
15,08/13/2025,"Fair, Poor",Moderate,None,None,None,
16,10/15/2025,Poor,Moderate,None,None,None,