﻿#,Anodes,Date,Growth,Installed,Notes,Paint,Prop,Thru-hulls
06,Good,04/02/2024,Moderate,,,Fair,Good,Sound
03,"Fair, Replaced",07/02/2023,"Minimal, Moderate",,Replaced prop nut B,Excellent,Polished,Sound
01,Good,01/11/2023,Minimal,,,Excellent,Good,Sound
05,"Fair, Replaced",01/04/2024,Minimal,,Replaced prop anode “B”,Good,Polished,Sound
07,Good,07/16/2024,"Heavy, Moderate",,Paint antifouling properties are failing.,"Fair, Poor",Good,Sound
02,Good,04/04/2023,Minimal,,Prop anode may need replacing next service,Excellent,Good,Sound
04,Good,10/04/2023,Minimal,,,Excellent,Good,Sound
08,Good,10/01/2024,Moderate,,"Paint is beginning to wear through in some areas. I’m trying to take it as gentle as possible to preserve the remaining paint while removing most of the surface growth. ","Fair, Missing, Poor",Good,Sound