﻿#,# Installed,$ Time,Adjustments,Anodes,Date,Duration,Materials,Monthly,Notes,Paint,Prop,Secondary Visit,Thru-hulls,Time Base Fee,Time In,Time Out,Total,Xtra Minutes
01,,$0.00,,Good,,0,,,,Excellent,Good,No,Sound,,,,,0
02,,$24.00,,Good,,32,,,Prop anode may need replacing next service,Excellent,Good,No,Sound,,1213,1245,,12
03,,$38.00,,"Fair, Replaced",,39,,,Replaced prop nut B,Excellent,Polished,No,Sound,,1813,1852,,19
04,,$24.00,,Good,,32,,,,Excellent,Good,No,Sound,,1027,1059,,12
05,,$24.00,,"Fair, Replaced",,32,,,Replaced prop anode “B”,Good,Polished,No,Sound,,1610,1642,,12
06,,$28.00,,Good,,34,,,,Fair,Good,No,Sound,,1318,1352,,14
07,,$28.00,,Good,,34,,,,"Fair, Poor",Good,No,Sound,,1452,1526,,14
08,,$24.00,,,10/01/2024,32,,,,,,No,,,1258,1330,,12