﻿#,Date,Paint,Growth,Anodes,Thru-hulls,Prop,Notes,Installed
01,04/09/2023,"Good, Poor","Heavy, Minimal",None,Sound,None,,
02,07/03/2023,"Fair, Poor","Heavy, Moderate",None,Sound,None,Sink discharge appears to be affecting bottom paint around that thru-hull. Avoid allowing bleach down the drain.,
03,10/01/2023,"Fair, Poor","Heavy, Moderate",None,Sound,None,"Growth is increasing in tenacity. ",
04,01/10/2024,"Fair, Poor","Minimal, Moderate",None,Sound,None,,
05,03/31/2024,"Missing, Poor",Moderate,None,Sound,None,Rudder is missing most of the paint,
06,07/16/2024,"Missing, Poor",Heavy,None,Sound,None,,
07,10/18/2024,"Missing, Poor","Heavy, Moderate",None,Sound,None,,
08,01/13/2025,"Missing, Poor",Moderate,None,Sound,None,,
09,07/17/2025,"Missing, Poor",Moderate,None,Sound,None,,
10,09/23/2025,"Missing, Poor","Heavy, Moderate",None,Sound,None,,