﻿#,Anodes,Date,Growth,Installed,Notes,Paint,Prop,Thru-hulls
01,Fair,09/23/2024,"Heavy, Moderate",,"Cutlass bearing is drifting forward of strut allowing for significant shaft play. ",Fair,Good,"Possible Issue, Sound"
02,Fair,12/11/2024,Moderate,,"Cutlass bearing remains loose. ","Fair, Poor",Good,"Possible Issue, Sound"
03,Replaced,03/18/2025,Moderate,1,,"Fair, Poor",Good,Sound
04,Good,05/02/2025,Moderate,,,"Fair, Poor",Good,Sound
05,Fair,08/06/2025,"Heavy, Moderate",,,"Fair, Poor",Good,Sound