﻿#,Date,Paint,Growth,Anodes,Thru-hulls,Prop,Notes,Installed
01,09/23/2024,Fair,"Heavy, Moderate",Fair,"Possible Issue, Sound",Good,"Cutlass bearing is drifting forward of strut allowing for significant shaft play. ",
02,12/11/2024,"Fair, Poor",Moderate,Fair,"Possible Issue, Sound",Good,"Cutlass bearing remains loose. ",
03,03/18/2025,"Fair, Poor",Moderate,Replaced,Sound,Good,,1
04,05/02/2025,"Fair, Poor",Moderate,Good,Sound,Good,,
05,08/06/2025,"Fair, Poor","Heavy, Moderate",Fair,Sound,Good,,