﻿#,Anodes,Date,Growth,Installed,Notes,Paint,Prop,Thru-hulls
01,Good,09/07/2023,"Heavy, Moderate",,,"Fair, Poor",Good,Sound
02,Good,12/06/2023,Moderate,,,Fair,Good,Sound
03,Good,03/07/2024,Moderate,,,Fair,Good,Sound
04,Good,06/06/2024,"Heavy, Moderate",,,"Fair, Poor",Good,Sound
05,Good,12/11/2024,Minimal,,,Excellent,Good,Sound
06,,03/18/2025,,,,Excellent,,
07,Good,03/18/2025,Minimal,,,Excellent,Good,Sound
08,Good,06/10/2025,Minimal,,,Excellent,Good,Sound
09,Good,09/22/2025,Minimal,,,Excellent,Good,Sound