﻿#,Date,Paint,Growth,Anodes,Thru-hulls,Prop,Notes,Installed
01,09/07/2023,"Fair, Poor","Heavy, Moderate",Good,Sound,Good,,
02,12/06/2023,Fair,Moderate,Good,Sound,Good,,
03,03/07/2024,Fair,Moderate,Good,Sound,Good,,
04,06/06/2024,"Fair, Poor","Heavy, Moderate",Good,Sound,Good,,
05,12/11/2024,Excellent,Minimal,Good,Sound,Good,,
07,03/18/2025,Excellent,Minimal,Good,Sound,Good,,
06,03/18/2025,Excellent,,,,,,
08,06/10/2025,Excellent,Minimal,Good,Sound,Good,,
09,09/22/2025,Excellent,Minimal,Good,Sound,Good,,