﻿#,Anodes,Date,Growth,Installed,Notes,Paint,Prop,Thru-hulls
01,"Fair, Good",05/23/2025,Heavy,0,"Heavy growth on stabilizers and running gear. Stabilizer paint in poor condition. Will return to install anodes on port and starboard shafts, starboard runner and trim tab.","Good, Poor",Good,Sound
02,"Fair, Good, Missing",06/04/2025,Moderate,0,"Completed cleaning, removed anode remnants in preparation for installation. ","Good, Poor",Good,Sound
03,Replaced,06/17/2025,Not Evaluated,5,,Not Evaluated,Good,Not Evaluated
04,"Good, Missing",09/19/2025,"Heavy, Moderate",,Will return to install (5) R3 anodes,"Fair, Poor",Good,Sound
05,Replaced,10/03/2025,,,Installed 4 R2 anodes,,,